,Supplier_Lead_Time,Inventory_Levels,Order_Frequency,Delivery_Performance,Cost_Per_Unit
Supplier_Lead_Time,1.0,0.31533492289362985,-0.8665448184204503,-0.9025436789059411,0.9575986990865993
Inventory_Levels,0.31533492289362985,1.0,-0.31067274386869537,-0.31376308208765924,0.3424726249746019
Order_Frequency,-0.8665448184204503,-0.31067274386869537,1.0,0.7529206349836137,-0.8322385682807946
Delivery_Performance,-0.9025436789059411,-0.31376308208765924,0.7529206349836137,1.0,-0.889500964134997
Cost_Per_Unit,0.9575986990865993,0.3424726249746019,-0.8322385682807946,-0.889500964134997,1.0
